lp,tittle,rodzaj,rooms,price [euro],metraż,cena za metr kw [euro],cena za metr kw [zł],bathrooms,garage,terrace,zipcode,rok budowy,ilosc hoteli w poblizu jako wskaznik atrakcyjnosci miejsca
1,"Piso en Adriano, Arenal - Museo, Sevilla",mieszkanie,5 hab.,850000,252,3373,15516,3,0,1,41001,1975,48
2,"Piso en aguila perdicera, 11, Su Eminencia - La Oliva, Sevilla",mieszkanie,3 hab.,133500,97,1376,6331,2,0,1,41006,2019,1
3,"Piso en Aguila Perdicera, 9, Su Eminencia - La Oliva, Sevilla",mieszkanie,3 hab.,145000,97,1495,6876,2,0,1,41006,2020,1
4,"Piso en alameda de Hércules, Alameda, Sevilla",mieszkanie,2 hab.,310000,85,3647,16776,2,0,0,41002,2010,17
5,"Piso en alameda, s/n, Alameda, Sevilla",mieszkanie,2 hab.,360000,90,4000,18400,2,0,0,41002,2008,17
6,"Piso en Alameda, Sevilla",mieszkanie,2 hab.,280000,77,3636,16727,1,0,0,41002,0,17
7,"Piso en Alameda, Sevilla",mieszkanie,1 hab.,270000,78,3462,15923,2,0,0,41002,1981,17
8,"Piso en Alameda, Sevilla",mieszkanie,2 hab.,275000,80,3438,15813,2,0,0,41002,1981,17
9,"Piso en Alameda, Sevilla",mieszkanie,1 hab.,250000,75,3333,15333,1,0,0,41002,2005,17
10,"Piso en Alameda, Sevilla",mieszkanie,3 hab.,240000,90,2667,12267,1,0,0,41002,0,17
11,"Piso en Alameda, Sevilla",mieszkanie,2 hab.,214500,87,2466,11341,1,0,0,41002,1920,17
12,"Piso en Alameda, Sevilla",mieszkanie,3 hab.,400000,170,2353,10824,2,1,0,41002,2010,17
13,"Piso en Alcalde L. Uruñuela - Palacio de Congresos, Sevilla",mieszkanie,2 hab.,180000,70,2571,11829,1,0,0,41020,0,6
14,"Piso en Alcalde L. Uruñuela - Palacio de Congresos, Sevilla",mieszkanie,1 hab.,198500,80,2481,11414,1,1,1,41020,1991,6
15,"Piso en Alcalde L. Uruñuela - Palacio de Congresos, Sevilla",mieszkanie,3 hab.,199900,104,1922,8842,2,0,0,41020,1993,6
16,"Piso en Alcalde L. Uruñuela - Palacio de Congresos, Sevilla",mieszkanie,4 hab.,205000,108,1898,8731,2,0,1,41020,1996,6
17,"Piso en Alcalde L. Uruñuela - Palacio de Congresos, Sevilla",mieszkanie,4 hab.,239000,128,1867,8589,2,1,1,41020,1989,6
18,"Piso en Alcalde L. Uruñuela - Palacio de Congresos, Sevilla",mieszkanie,4 hab.,233000,127,1835,8439,2,0,1,41020,1989,6
19,"Piso en Alcalde L. Uruñuela - Palacio de Congresos, Sevilla",mieszkanie,2 hab.,165000,90,1833,8433,1,1,1,41020,2006,6
20,"Piso en Alcalde L. Uruñuela - Palacio de Congresos, Sevilla",mieszkanie,2 hab.,145990,80,1825,8394,1,1,1,41020,1996,6
21,"Piso en Alcalde L. Uruñuela - Palacio de Congresos, Sevilla",mieszkanie,4 hab.,220000,121,1818,8364,2,1,1,41020,1991,6
22,"Piso en Alcalde L. Uruñuela - Palacio de Congresos, Sevilla",mieszkanie,1 hab.,88500,50,1770,8142,1,1,0,41020,2008,6
23,"Piso en Alcalde L. Uruñuela - Palacio de Congresos, Sevilla",mieszkanie,3 hab.,164000,93,1763,8112,2,1,0,41020,2005,6
24,"Piso en Alcalde L. Uruñuela - Palacio de Congresos, Sevilla",mieszkanie,1 hab.,92260,57,1619,7446,1,1,0,41020,2006,6
25,"Piso en Almaden de la Plata, Cruz Roja - Capuchinos, Sevilla",mieszkanie,3 hab.,249000,119,2092,9625,2,1,0,41009,2002,2
26,"Piso en Alonso Cano, Gran Plaza - Marqués de Pickman - Ciudad Jardín, Sevilla",mieszkanie,4 hab.,169000,115,1470,6760,2,0,1,41005,0,2
27,"Piso en Alvarez Quintero, Santa Cruz - Alfalfa, Sevilla",mieszkanie,3 hab.,975000,190,5132,23605,3,0,0,41004,2017,53
28,"Piso en Arenal - Museo, Sevilla",mieszkanie,3 hab.,670000,131,5115,23527,3,1,0,41001,1987,48
29,"Piso en Arenal - Museo, Sevilla",mieszkanie,3 hab.,670000,133,5038,23173,3,1,0,41001,0,48
30,"Piso en Arenal - Museo, Sevilla",mieszkanie,3 hab.,670000,133,5038,23173,3,1,0,41001,0,48
31,"Piso en Arenal - Museo, Sevilla",mieszkanie,4 hab.,850000,170,5000,23000,3,0,1,41001,0,48
32,"Piso en Arenal - Museo, Sevilla",mieszkanie,2 hab.,995000,201,4950,22771,3,1,1,41001,1972,48
33,"Piso en Arenal - Museo, Sevilla",mieszkanie,2 hab.,995000,201,4950,22771,3,1,1,41001,0,48
34,"Piso en Arenal - Museo, Sevilla",mieszkanie,3 hab.,480000,115,4174,19200,2,1,0,41001,0,48
35,"Piso en Arenal - Museo, Sevilla",mieszkanie,2 hab.,450000,108,4167,19167,1,0,0,41001,0,48
36,"Piso en Arenal - Museo, Sevilla",mieszkanie,8 hab.,850000,220,3864,17773,2,0,0,41001,1955,48
37,"Piso en Arenal - Museo, Sevilla",mieszkanie,8 hab.,850000,220,3864,17773,2,0,1,41001,0,48
38,"Piso en Arenal - Museo, Sevilla",mieszkanie,1 hab.,250000,65,3846,17692,1,0,0,41001,0,48
39,"Piso en Arenal - Museo, Sevilla",mieszkanie,1 hab.,250000,67,3731,17164,1,0,0,41001,1980,48
40,"Piso en Arenal - Museo, Sevilla",mieszkanie,1 hab.,260000,70,3714,17086,1,0,0,41001,1980,48
41,"Piso en Arenal - Museo, Sevilla",mieszkanie,5 hab.,1000000,272,3676,16912,3,1,1,41001,1980,48
42,"Piso en Arenal - Museo, Sevilla",mieszkanie,5 hab.,750000,204,3676,16912,3,0,1,41001,1980,48
43,"Piso en Arenal - Museo, Sevilla",mieszkanie,4 hab.,864000,240,3600,16560,3,0,1,41001,1965,48
44,"Piso en Arenal - Museo, Sevilla",mieszkanie,3 hab.,450000,125,3600,16560,2,0,0,41001,0,48
45,"Piso en Arenal - Museo, Sevilla",mieszkanie,3 hab.,500000,150,3333,15333,2,0,0,41001,2012,48
46,"Piso en Arenal - Museo, Sevilla",mieszkanie,4 hab.,420000,127,3307,15213,2,1,1,41001,1985,48
47,"Piso en Arenal - Museo, Sevilla",mieszkanie,5 hab.,629000,210,2995,13778,3,1,1,41001,1980,48
48,"Piso en Arenal - Museo, Sevilla",mieszkanie,4 hab.,335000,127,2638,12134,2,0,1,41001,1988,48
49,"Piso en Arenal - Museo, Sevilla",mieszkanie,4 hab.,335000,127,2638,12134,2,0,1,41001,1988,48
50,"Piso en Arenal - Museo, Sevilla",mieszkanie,5 hab.,750000,286,2622,12063,3,1,1,41001,1979,48
51,"Piso en Arenal - Museo, Sevilla",mieszkanie,4 hab.,850000,325,2615,12031,4,0,0,41001,1968,48
52,"Piso en Arenal - Museo, Sevilla",mieszkanie,1 hab.,235000,90,2611,12011,1,1,0,41001,0,48
53,"Piso en Arenal - Museo, Sevilla",mieszkanie,6 hab.,900000,364,2473,11374,4,1,1,41001,0,48
54,"Piso en Arenal - Museo, Sevilla",mieszkanie,3 hab.,295000,127,2323,10685,1,0,1,41001,1986,48
55,"Piso en Arenal - Museo, Sevilla",mieszkanie,7 hab.,620000,280,2214,10186,4,0,0,41001,0,48
56,"Piso en Ares, Jardines de Hércules, Sevilla",mieszkanie,2 hab.,175000,90,1944,8944,1,1,1,41014,2007,3
57,"Piso en Arroyo - Santa Justa, Sevilla",mieszkanie,3 hab.,299900,80,3749,17244,2,0,0,41007,1997,3
58,"Piso en Arroyo - Santa Justa, Sevilla",mieszkanie,2 hab.,290000,88,3295,15159,2,0,0,41007,2005,3
59,"Piso en Arroyo - Santa Justa, Sevilla",mieszkanie,1 hab.,163000,53,3075,14147,1,0,0,41007,2013,3
60,"Piso en Arroyo - Santa Justa, Sevilla",mieszkanie,3 hab.,309000,102,3029,13935,2,0,0,41007,1997,3
61,"Piso en Arroyo - Santa Justa, Sevilla",mieszkanie,4 hab.,360000,121,2975,13686,2,0,0,41007,1980,3
62,"Piso en Arroyo - Santa Justa, Sevilla",mieszkanie,3 hab.,299900,102,2940,13525,2,0,1,41007,1997,3
63,"Piso en Arroyo - Santa Justa, Sevilla",mieszkanie,3 hab.,298500,102,2926,13462,2,0,0,41007,0,3
64,"Piso en Arroyo - Santa Justa, Sevilla",mieszkanie,3 hab.,290000,104,2788,12827,2,0,0,41007,1997,3
65,"Piso en Arroyo - Santa Justa, Sevilla",mieszkanie,2 hab.,291400,109,2673,12298,2,0,0,41007,2005,3
66,"Piso en Arroyo - Santa Justa, Sevilla",mieszkanie,2 hab.,290000,109,2661,12239,2,1,0,41007,0,3
67,"Piso en Arroyo - Santa Justa, Sevilla",mieszkanie,3 hab.,205000,85,2412,11094,1,0,0,41007,0,3
68,"Piso en Arroyo - Santa Justa, Sevilla",mieszkanie,3 hab.,200000,83,2410,11084,1,0,0,41007,1965,3
69,"Piso en Arroyo - Santa Justa, Sevilla",mieszkanie,3 hab.,215000,93,2312,10634,2,0,0,41007,0,3
70,"Piso en Arroyo - Santa Justa, Sevilla",mieszkanie,4 hab.,259000,117,2214,10183,2,0,1,41007,1988,3
71,"Piso en Arroyo - Santa Justa, Sevilla",mieszkanie,3 hab.,209600,97,2161,9940,1,0,0,41007,1965,3
72,"Piso en Arroyo - Santa Justa, Sevilla",mieszkanie,3 hab.,162000,77,2104,9678,1,0,0,41007,1972,3
73,"Piso en Arroyo - Santa Justa, Sevilla",mieszkanie,3 hab.,158000,76,2079,9563,1,0,1,41007,1972,3
74,"Piso en Arroyo - Santa Justa, Sevilla",mieszkanie,3 hab.,155000,77,2013,9260,1,0,0,41007,1972,3
75,"Piso en Arroyo - Santa Justa, Sevilla",mieszkanie,3 hab.,155000,77,2013,9260,1,0,0,41007,1972,3
76,"Piso en Arroyo - Santa Justa, Sevilla",mieszkanie,3 hab.,135000,69,1957,9000,1,0,0,41007,1968,3
77,"Piso en Arroyo - Santa Justa, Sevilla",mieszkanie,3 hab.,136000,72,1889,8689,1,0,0,41007,0,3
78,"Piso en Arroyo - Santa Justa, Sevilla",mieszkanie,3 hab.,116500,64,1820,8373,1,0,0,41007,0,3
79,"Piso en Arroyo - Santa Justa, Sevilla",mieszkanie,3 hab.,121000,68,1779,8185,1,0,1,41007,1976,3
80,"Piso en Arroyo - Santa Justa, Sevilla",mieszkanie,3 hab.,138500,83,1669,7676,1,0,0,41007,0,3
81,"Piso en Arroyo - Santa Justa, Sevilla",mieszkanie,2 hab.,109000,68,1603,7374,1,0,0,41007,1958,3
82,"Piso en Arroyo, Arroyo - Santa Justa, Sevilla",mieszkanie,3 hab.,161000,77,2091,9618,1,0,0,41007,0,3
83,"Piso en Arroyo, Arroyo - Santa Justa, Sevilla",mieszkanie,3 hab.,153500,76,2020,9291,1,0,1,41007,1972,3
84,"Piso en Arroyo, Arroyo - Santa Justa, Sevilla",mieszkanie,3 hab.,153500,76,2020,9291,1,0,1,41007,1972,3
85,"Piso en ARROYO, Arroyo - Santa Justa, Sevilla",mieszkanie,3 hab.,153000,80,1913,8798,1,0,1,41007,0,3
86,"Piso en ARROYO, Arroyo - Santa Justa, Sevilla",mieszkanie,3 hab.,153000,80,1913,8798,1,0,1,41007,0,3
87,"Piso en asensio y toledo, 42, Bellavista, Sevilla",mieszkanie,3 hab.,112260,96,1169,5379,1,0,1,41014,1970,3
88,"Piso en Asunción - Adolfo Suárez, Sevilla",mieszkanie,3 hab.,329700,96,3434,15798,2,0,0,41011,0,2
89,"Piso en Asunción - Adolfo Suárez, Sevilla",mieszkanie,4 hab.,1000000,303,3300,15182,4,0,0,41011,0,2
90,"Piso en Asunción - Adolfo Suárez, Sevilla",mieszkanie,4 hab.,450000,145,3103,14276,3,1,1,41011,1985,2
91,"Piso en Asunción - Adolfo Suárez, Sevilla",mieszkanie,3 hab.,350000,115,3043,14000,2,0,0,41011,0,2
92,"Piso en Asunción - Adolfo Suárez, Sevilla",mieszkanie,7 hab.,1150000,380,3026,13921,5,1,0,41011,1976,2
93,"Piso en Asunción - Adolfo Suárez, Sevilla",mieszkanie,4 hab.,300000,100,3000,13800,2,0,1,41011,0,2
94,"Piso en Asunción - Adolfo Suárez, Sevilla",mieszkanie,3 hab.,348000,122,2852,13121,2,0,1,41011,2021,2
95,"Piso en Asunción - Adolfo Suárez, Sevilla",mieszkanie,5 hab.,520000,198,2626,12081,3,1,1,41011,1968,2
96,"Piso en Asunción - Adolfo Suárez, Sevilla",mieszkanie,4 hab.,485000,185,2622,12059,3,1,0,41011,0,2
97,"Piso en Asunción - Adolfo Suárez, Sevilla",mieszkanie,4 hab.,419000,160,2619,12046,2,1,1,41011,0,2
98,"Piso en Asunción - Adolfo Suárez, Sevilla",mieszkanie,4 hab.,399000,162,2463,11330,2,0,1,41011,1974,2
99,"Piso en Asunción - Adolfo Suárez, Sevilla",mieszkanie,4 hab.,314000,133,2361,10860,2,0,1,41011,1957,2
100,"Piso en Asunción - Adolfo Suárez, Sevilla",mieszkanie,4 hab.,415000,220,1886,8677,3,0,1,41011,1964,2
101,"Piso en Asunción - Adolfo Suárez, Sevilla",mieszkanie,4 hab.,380000,220,1727,7945,3,0,1,41011,1964,2
102,"Piso en ASUNCIÓN, Ramón de Carranza - Madre Rafols, Sevilla",mieszkanie,5 hab.,760000,263,2890,13293,3,1,1,41011,0,2
103,"Piso en Av. de la Cruz del Campo, 19, Gran Plaza - Marqués de Pickman - Ciudad Jardín, Sevilla",mieszkanie,4 hab.,390000,211,1848,8502,3,0,1,41005,0,2
104,"Piso en Av. Reina Mercedes, Reina Mercedes - Heliópolis, Sevilla",mieszkanie,4 hab.,240000,128,1875,8625,2,0,1,41012,1967,3
105,"Piso en avada ramón y cajal, Nervión, Sevilla",mieszkanie,2 hab.,170000,62,2742,12613,1,0,0,41005,0,2
106,"Piso en avenida Blas Infante, Blas Infante, Sevilla",mieszkanie,4 hab.,500000,178,2809,12921,2,1,1,41011,0,2
107,"Piso en avenida Blas Infante, Blas Infante, Sevilla",mieszkanie,5 hab.,500000,180,2778,12778,3,1,0,41011,0,2
108,"Piso en avenida Blas Infante, Sevilla, Blas Infante, Sevilla",mieszkanie,6 hab.,505000,214,2360,10855,3,1,1,41011,1975,2
109,"Piso en avenida Buhaira, San Bernardo-Buhaira-Huerta del Rey, Sevilla",mieszkanie,3 hab.,600000,150,4000,18400,2,1,0,41018,2008,5
110,"Piso en avenida Cardenal Ilundain, Sevilla, La Palmera - Manuel Siurot, Sevilla",mieszkanie,5 hab.,1200000,315,3810,17524,4,1,1,41013,2005,3
111,"Piso en avenida de Altamira, s/n, Alcalde L. Uruñuela - Palacio de Congresos, Sevilla",mieszkanie,4 hab.,192000,104,1846,8492,2,0,0,41020,0,6
112,"Piso en avenida de Andalucía, Gran Plaza - Marqués de Pickman - Ciudad Jardín, Sevilla",mieszkanie,3 hab.,229000,98,2337,10749,2,1,1,41005,0,2
113,"Piso en avenida de Andalucía, Gran Plaza - Marqués de Pickman - Ciudad Jardín, Sevilla",mieszkanie,3 hab.,87000,74,1176,5408,1,0,0,41005,1964,2
114,"Piso en avenida de Andalucía, Santa Aurelia, Sevilla",mieszkanie,2 hab.,116000,72,1611,7411,1,1,1,41006,1980,1
115,"Piso en avenida de Bellavista, 19, Bellavista, Sevilla",mieszkanie,3 hab.,100000,83,1205,5542,1,0,1,41014,1980,3
116,"Piso en avenida de Bellavista, 25, Bellavista, Sevilla",mieszkanie,2 hab.,66000,55,1200,5520,1,0,0,41014,0,3
117,"Piso en avenida de Bellavista, 4, Bellavista, Sevilla",mieszkanie,2 hab.,95000,73,1301,5986,1,0,0,41014,1976,3
118,"Piso en avenida de Bellavista, 8, Bellavista, Sevilla",mieszkanie,3 hab.,110000,76,1447,6658,1,0,1,41014,1976,3
119,"Piso en avenida de Bellavista, Bellavista, Sevilla",mieszkanie,3 hab.,160000,71,2254,10366,1,0,1,41014,1976,3
120,"Piso en avenida de Bellavista, Bellavista, Sevilla",mieszkanie,3 hab.,142000,70,2029,9331,1,0,1,41014,1976,3
121,"Piso en avenida de Bellavista, Bellavista, Sevilla",mieszkanie,3 hab.,97500,105,929,4271,2,0,0,41014,1975,3
122,"Piso en avenida DE BELLAVISTA, s/n, Bellavista, Sevilla",mieszkanie,2 hab.,104050,85,1224,5631,1,1,0,41014,1972,3
123,"Piso en avenida de Cádiz, Prado de San Sebastián - Ramón Carande, Sevilla",mieszkanie,2 hab.,220000,92,2391,11000,1,0,1,41004,0,53
124,"Piso en avenida de Cádiz, San Bernardo-Buhaira-Huerta del Rey, Sevilla",mieszkanie,3 hab.,600000,190,3158,14526,2,1,0,41018,0,5
125,"Piso en avenida de Cádiz, San Bernardo-Buhaira-Huerta del Rey, Sevilla",mieszkanie,3 hab.,600000,190,3158,14526,2,1,0,41018,0,5
126,"Piso en avenida de Diego Martínez Barrio, Tiro de Línea, Sevilla",mieszkanie,2 hab.,119000,40,2975,13685,1,0,0,41013,1973,3
127,"Piso en avenida de El Greco, Luis Montoto - Santa Justa, Sevilla",mieszkanie,3 hab.,256000,126,2032,9346,1,0,1,41007,1965,3
128,"Piso en avenida de El Greco, San Pablo, Sevilla",mieszkanie,3 hab.,84000,54,1556,7156,1,0,0,41007,1963,3
129,"Piso en avenida de Finlandia, Los Bermejales, Sevilla",mieszkanie,3 hab.,360000,110,3273,15055,2,1,0,41012,2007,3
130,"Piso en avenida de Kansas City, Arroyo - Santa Justa, Sevilla",mieszkanie,2 hab.,434800,110,3953,18183,2,1,1,41007,0,3
131,"Piso en avenida de Kansas City, Luis Montoto - Santa Justa, Sevilla",mieszkanie,3 hab.,300000,96,3125,14375,1,1,1,41018,0,5
132,"Piso en avenida de Kansas City, Luis Montoto - Santa Justa, Sevilla",mieszkanie,3 hab.,250000,93,2688,12366,1,1,1,41018,0,5
133,"Piso en avenida de kansas city, Luis Montoto - Santa Justa, Sevilla",mieszkanie,4 hab.,385000,165,2333,10733,2,0,1,41018,0,5
134,"Piso en avenida de Kansas City, Luis Montoto - Santa Justa, Sevilla",mieszkanie,3 hab.,315000,140,2250,10350,2,1,1,41018,1983,5
135,"Piso en avenida de Kansas City, Luis Montoto - Santa Justa, Sevilla",mieszkanie,3 hab.,290000,129,2248,10341,2,1,0,41018,0,5
136,"Piso en avenida de Kansas City, Luis Montoto - Santa Justa, Sevilla",mieszkanie,4 hab.,233000,164,1421,6535,1,0,0,41018,1967,5
137,"Piso en avenida de Kansas City, Santa Clara, Sevilla",mieszkanie,3 hab.,260000,117,2222,10222,2,0,0,41018,0,5
138,"Piso en avenida de Kansas City, Sevilla, 74, Santa Clara, Sevilla",mieszkanie,3 hab.,245000,110,2227,10245,2,1,0,41018,0,5
139,"Piso en avenida de Kansas City, Sevilla, 78, Santa Clara, Sevilla",mieszkanie,4 hab.,375000,124,3024,13911,2,0,0,41018,2004,5
140,"Piso en avenida de Kansas City, Sevilla, Luis Montoto - Santa Justa, Sevilla",mieszkanie,4 hab.,422000,153,2758,12688,2,0,1,41018,0,5
141,"Piso en avenida de la Barzola, Villegas - Los Principes, Sevilla",mieszkanie,3 hab.,115000,83,1386,6373,1,1,1,41009,1986,2
142,"Piso en avenida de la Barzola, Villegas - Los Principes, Sevilla",mieszkanie,3 hab.,59900,56,1070,4920,1,0,1,41009,1969,2
143,"Piso en avenida de la Borbolla, Felipe II - Bueno Monreal, Sevilla",mieszkanie,7 hab.,525000,270,1944,8944,4,0,1,41013,1950,3
144,"Piso en avenida de la Buhaira, s/n, San Bernardo-Buhaira-Huerta del Rey, Sevilla",mieszkanie,3 hab.,720000,129,5581,25674,2,1,0,41018,2019,5
145,"Piso en avenida de la Buhaira, San Bernardo-Buhaira-Huerta del Rey, Sevilla",mieszkanie,4 hab.,850000,152,5592,25724,2,1,1,41018,2019,5
146,"Piso en avenida de la Cruz Roja, Cruz Roja - Capuchinos, Sevilla",mieszkanie,5 hab.,225000,124,1815,8347,3,0,0,41009,1970,2
147,"Piso en avenida de la Innovación, Alcalde L. Uruñuela - Palacio de Congresos, Sevilla",mieszkanie,1 hab.,126000,75,1680,7728,1,1,0,41020,0,6
148,"Piso en avenida de la Paz, Sevilla, Su Eminencia - La Oliva, Sevilla",mieszkanie,3 hab.,115000,120,958,4408,2,1,1,41006,0,1
149,"Piso en avenida de la Paz, Su Eminencia - La Oliva, Sevilla",mieszkanie,3 hab.,78500,78,1006,4629,2,1,1,41006,1996,1
150,"Piso en avenida de la Raza, 3, Felipe II - Bueno Monreal, Sevilla",mieszkanie,2 hab.,190000,57,3333,15333,1,0,0,41013,2005,3
151,"Piso en avenida de la Raza, Felipe II - Bueno Monreal, Sevilla",mieszkanie,3 hab.,550000,180,3056,14056,2,1,1,41013,0,3
152,"Piso en avenida de la Raza, Felipe II - Bueno Monreal, Sevilla",mieszkanie,3 hab.,550000,198,2778,12778,2,1,0,41013,1955,3
153,"Piso en avenida de la Raza, Felipe II - Bueno Monreal, Sevilla",mieszkanie,3 hab.,550000,198,2778,12778,2,1,0,41013,1955,3
154,"Piso en avenida de la Reina Mercedes, Reina Mercedes - Heliópolis, Sevilla",mieszkanie,4 hab.,395000,150,2633,12113,2,0,1,41012,0,3
155,"Piso en avenida de la Reina Mercedes, Reina Mercedes - Heliópolis, Sevilla",mieszkanie,3 hab.,315000,140,2250,10350,2,1,1,41012,1967,3
156,"Piso en avenida de la Reina Mercedes, Reina Mercedes - Heliópolis, Sevilla",mieszkanie,3 hab.,200000,117,1709,7863,2,0,1,41012,1968,3
157,"Piso en avenida de la Reina Mercedes, Sevilla, Reina Mercedes - Heliópolis, Sevilla",mieszkanie,5 hab.,400000,180,2222,10222,2,1,1,41012,0,3
158,"Piso en avenida de la República Argentina, 50, Plaza de Cuba - República Argentina, Sevilla",mieszkanie,5 hab.,700000,280,2500,11500,4,1,1,41011,1971,2
159,"Piso en avenida de la República Argentina, Plaza de Cuba - República Argentina, Sevilla",mieszkanie,3 hab.,465000,148,3142,14453,2,0,1,41011,0,2
160,"Piso en avenida de la República Argentina, Plaza de Cuba - República Argentina, Sevilla",mieszkanie,5 hab.,465000,158,2943,13538,3,1,1,41011,1981,2
161,"Piso en avenida de la República Argentina, Plaza de Cuba - República Argentina, Sevilla",mieszkanie,5 hab.,700000,240,2917,13417,4,1,1,41011,0,2
162,"Piso en avenida de la República Argentina, Plaza de Cuba - República Argentina, Sevilla",mieszkanie,5 hab.,1200000,420,2857,13143,4,1,1,41011,0,2
163,"Piso en avenida de la República Argentina, Plaza de Cuba - República Argentina, Sevilla",mieszkanie,4 hab.,414000,148,2797,12868,1,0,0,41011,1966,2
164,"Piso en avenida de la República Argentina, Plaza de Cuba - República Argentina, Sevilla",mieszkanie,5 hab.,825000,301,2741,12608,3,1,1,41011,1966,2
165,"Piso en avenida de la República Argentina, Plaza de Cuba - República Argentina, Sevilla",mieszkanie,6 hab.,825000,301,2741,12608,3,1,1,41011,1966,2
166,"Piso en avenida de la República Argentina, Plaza de Cuba - República Argentina, Sevilla",mieszkanie,6 hab.,820000,301,2724,12532,3,1,0,41011,1966,2
167,"Piso en avenida de la República Argentina, Plaza de Cuba - República Argentina, Sevilla",mieszkanie,6 hab.,1200000,450,2667,12267,5,1,1,41011,0,2
168,"Piso en avenida de la República Argentina, Plaza de Cuba - República Argentina, Sevilla",mieszkanie,4 hab.,950000,358,2654,12207,5,1,1,41011,1968,2
169,"Piso en avenida de la República Argentina, Plaza de Cuba - República Argentina, Sevilla",mieszkanie,5 hab.,530000,200,2650,12190,3,0,1,41011,1981,2
170,"Piso en avenida de la República Argentina, Plaza de Cuba - República Argentina, Sevilla",mieszkanie,5 hab.,600000,228,2632,12105,2,1,1,41011,0,2
171,"Piso en avenida de la República Argentina, Plaza de Cuba - República Argentina, Sevilla",mieszkanie,5 hab.,650000,250,2600,11960,2,1,1,41011,1973,2
172,"Piso en avenida de la República Argentina, Plaza de Cuba - República Argentina, Sevilla",mieszkanie,5 hab.,825000,326,2531,11641,3,1,1,41011,0,2
173,"Piso en avenida de la República Argentina, Plaza de Cuba - República Argentina, Sevilla",mieszkanie,5 hab.,700000,280,2500,11500,4,1,1,41011,1970,2
174,"Piso en avenida de la República Argentina, Plaza de Cuba - República Argentina, Sevilla",mieszkanie,5 hab.,795000,325,2446,11252,4,1,1,41011,2000,2
175,"Piso en avenida de la República Argentina, Plaza de Cuba - República Argentina, Sevilla",mieszkanie,5 hab.,825000,346,2384,10968,4,0,1,41011,0,2
176,"Piso en avenida de la República Argentina, Sevilla, Plaza de Cuba - República Argentina, Sevilla",mieszkanie,5 hab.,855000,300,2850,13110,3,1,1,41011,1972,2
177,"Piso en avenida de la República Argentina, Sevilla, Plaza de Cuba - República Argentina, Sevilla",mieszkanie,6 hab.,775000,280,2768,12732,2,1,0,41011,1963,2
178,"Piso en avenida de las Ciencias, Avenida de las Ciencias, Sevilla",mieszkanie,2 hab.,131500,84,1565,7201,1,0,0,41020,1997,6
179,"Piso en Avenida de las Ciencias, Sevilla",mieszkanie,4 hab.,230000,100,2300,10580,2,1,1,41020,1989,6
180,"Piso en Avenida de las Ciencias, Sevilla",mieszkanie,2 hab.,128000,67,1910,8788,1,1,0,41020,1998,6
181,"Piso en Avenida de las Ciencias, Sevilla",mieszkanie,1 hab.,105000,55,1909,8782,1,1,0,41020,2006,6
182,"Piso en Avenida de las Ciencias, Sevilla",mieszkanie,3 hab.,157260,84,1872,8612,2,1,0,41020,1998,6
183,"Piso en Avenida de las Ciencias, Sevilla",mieszkanie,3 hab.,145288,80,1816,8354,1,1,1,41020,1996,6
184,"Piso en Avenida de las Ciencias, Sevilla",mieszkanie,3 hab.,148470,82,1811,8329,2,1,1,41020,1997,6
185,"Piso en Avenida de las Ciencias, Sevilla",mieszkanie,3 hab.,167000,94,1777,8172,2,1,1,41020,0,6
186,"Piso en Avenida de las Ciencias, Sevilla",mieszkanie,2 hab.,146500,84,1744,8023,2,1,0,41020,1998,6
187,"Piso en Avenida de las Ciencias, Sevilla",mieszkanie,3 hab.,154000,90,1711,7871,2,1,0,41020,1996,6
188,"Piso en Avenida de las Ciencias, Sevilla",mieszkanie,3 hab.,154000,90,1711,7871,2,1,0,41020,1996,6
189,"Piso en Avenida de las Ciencias, Sevilla",mieszkanie,3 hab.,140000,85,1647,7576,2,0,0,41020,0,6
190,"Piso en Avenida de las Ciencias, Sevilla",mieszkanie,3 hab.,134900,82,1645,7568,2,1,1,41020,1996,6
191,"Piso en Avenida de las Ciencias, Sevilla",mieszkanie,4 hab.,175900,113,1557,7161,2,1,1,41020,1989,6
192,"Piso en Avenida de las Ciencias, Sevilla",mieszkanie,3 hab.,140000,90,1556,7156,2,1,0,41020,1991,6
193,"Piso en Avenida de las Ciencias, Sevilla",mieszkanie,3 hab.,139999,90,1556,7156,2,1,1,41020,1999,6
194,"Piso en Avenida de las Ciencias, Sevilla",mieszkanie,3 hab.,147000,95,1547,7118,2,1,0,41020,1997,6
195,"Piso en Avenida de las Ciencias, Sevilla",mieszkanie,3 hab.,137900,90,1532,7048,2,1,1,41020,0,6
196,"Piso en Avenida de las Ciencias, Sevilla",mieszkanie,4 hab.,170000,114,1491,6860,2,1,1,41020,1989,6
197,"Piso en Avenida de las Ciencias, Sevilla",mieszkanie,4 hab.,168000,113,1487,6839,2,1,1,41020,2003,6
198,"Piso en Avenida de las Ciencias, Sevilla",mieszkanie,3 hab.,146500,99,1480,6807,2,1,0,41020,1998,6
199,"Piso en Avenida de las Ciencias, Sevilla",mieszkanie,3 hab.,138500,94,1473,6778,2,1,1,41020,1996,6
200,"Piso en Avenida de las Ciencias, Sevilla",mieszkanie,3 hab.,143000,100,1430,6578,2,1,0,41020,1994,6
201,"Piso en Avenida de las Ciencias, Sevilla",mieszkanie,4 hab.,157000,111,1414,6506,2,0,1,41020,1994,6
202,"Piso en avenida de las Razas, 1, Felipe II - Bueno Monreal, Sevilla",mieszkanie,5 hab.,525000,210,2500,11500,3,0,0,41013,1955,3
203,"Piso en avenida de los Claveles, Juan XXIII, Sevilla",mieszkanie,3 hab.,116050,96,1209,5561,2,0,1,41006,1984,1
204,"Piso en avenida de Pedro Romero, 3, San Pablo, Sevilla",mieszkanie,3 hab.,55000,57,965,4439,1,0,0,41007,1967,3
205,"Piso en avenida de Pino Montano, Villegas - Los Principes, Sevilla",mieszkanie,2 hab.,150000,88,1705,7841,1,0,0,41008,1999,1
206,"Piso en avenida de Pino Montano, Villegas - Los Principes, Sevilla",mieszkanie,2 hab.,150000,88,1705,7841,1,0,0,41008,1999,1
207,"Piso en avenida de Ramón y Cajal, Nervión, Sevilla",mieszkanie,3 hab.,295000,124,2379,10944,2,1,0,41005,0,2
208,"Piso en avenida de San Juan de La Cruz, Amate, Sevilla",mieszkanie,2 hab.,69990,61,1147,5278,1,0,0,41006,1957,1
209,"Piso en avenida de San Juan de la Cruz, Amate, Sevilla",mieszkanie,2 hab.,61990,59,1051,4833,1,0,0,41006,1957,1
210,"Piso en avenida del Deporte, 14, Emilio Lemos, Sevilla",mieszkanie,2 hab.,115000,85,1353,6224,1,1,1,41020,2010,6
211,"Piso en avenida Eduardo Dato, San Bernardo-Buhaira-Huerta del Rey, Sevilla",mieszkanie,6 hab.,380000,157,2420,11134,2,0,1,41018,0,5
212,"Piso en avenida Emilio Lemos, Emilio Lemos, Sevilla",mieszkanie,4 hab.,165000,100,1650,7590,2,1,0,41020,2006,6
213,"Piso en avenida Emilio Lemos, Emilio Lemos, Sevilla",mieszkanie,3 hab.,192455,140,1375,6324,2,1,1,41020,2004,6
214,"Piso en avenida Emilio Lemos, Emilio Lemos, Sevilla",mieszkanie,2 hab.,132000,100,1320,6072,1,1,0,41020,2010,6
215,"Piso en avenida Finlandia, Los Bermejales, Sevilla",mieszkanie,3 hab.,305000,101,3020,13891,2,1,0,41012,2010,3
216,"Piso en avenida Flota de Indias, Ramón de Carranza - Madre Rafols, Sevilla",mieszkanie,5 hab.,895000,214,4182,19238,3,1,1,41011,0,2
217,"Piso en avenida Flota de Indias, Ramón de Carranza - Madre Rafols, Sevilla",mieszkanie,1 hab.,195000,59,3305,15203,1,0,0,41011,1984,2
218,"Piso en avenida Flota de Indias, Ramón de Carranza - Madre Rafols, Sevilla",mieszkanie,3 hab.,480000,148,3243,14919,2,1,1,41011,1966,2
219,"Piso en avenida Flota de Indias, Ramón de Carranza - Madre Rafols, Sevilla",mieszkanie,3 hab.,430000,148,2905,13365,2,0,1,41011,0,2
220,"Piso en avenida Flota de Indias, Sevilla, s/n, Ramón de Carranza - Madre Rafols, Sevilla",mieszkanie,5 hab.,450000,190,2368,10895,3,0,1,41011,0,2
221,"Piso en avenida Hacienda San Antonio, Palmete-Padre Pío-Hacienda San Antonio, Sevilla",mieszkanie,3 hab.,127000,110,1155,5311,2,1,1,41016,0,1
222,"Piso en avenida Kansas City, 44, Luis Montoto - Santa Justa, Sevilla",mieszkanie,4 hab.,309000,162,1907,8774,2,0,1,41018,0,5
223,"Piso en avenida Kansas City, Luis Montoto - Santa Justa, Sevilla",mieszkanie,2 hab.,300000,130,2308,10615,2,1,0,41018,1975,5
224,"Piso en avenida la Aeronáutica, Avenida de las Ciencias, Sevilla",mieszkanie,1 hab.,94500,60,1575,7245,1,1,0,41020,2006,6
225,"Piso en avenida la Aeronáutica, Avenida de las Ciencias, Sevilla",mieszkanie,3 hab.,174000,114,1526,7021,2,1,1,41020,1989,6
226,"Piso en avenida la Calesera, Juan XXIII, Sevilla",mieszkanie,3 hab.,88000,70,1257,5783,1,0,0,41006,1971,1
227,"Piso en avenida la Cruz Roja, Cruz Roja - Capuchinos, Sevilla",mieszkanie,5 hab.,225000,124,1815,8347,3,0,0,41009,1970,2
228,"Piso en avenida la Cruz Roja, Cruz Roja - Capuchinos, Sevilla",mieszkanie,5 hab.,225000,124,1815,8347,3,0,0,41009,1970,2
229,"Piso en avenida las Asociaciones de Vecinos, La Salle-Avd Manuel del Valle-Las Naciones, Sevilla",mieszkanie,3 hab.,174000,96,1813,8338,2,0,1,41008,1989,1
230,"Piso en avenida las Leandras, Juan XXIII, Sevilla",mieszkanie,2 hab.,147000,118,1246,5731,2,0,1,41006,1967,1
